{"cameraMode":{"drawMode":0,"name":"Shaded","section":"Shading Mode"},"sceneLighting":true,"audioPlay":false,"sceneViewState":{"showFog":true,"showMaterialUpdate":false,"showSkybox":true,"showFlares":true,"showImageEffects":true,"showParticleSystems":true,"showVisualEffectGraphs":true,"m_FxEnabled":true},"in2DMode":false,"pivot":{"x":-0.9932039976119995,"y":0.3821885585784912,"z":-3.1496152877807619},"rotation":{"x":-0.03180437535047531,"y":-0.0009027452324517071,"z":0.000028692573323496617,"w":-0.9994937181472778},"size":3.3073947429656984,"orthographic":false}